Category,Name,NameCH,Sweetness,Preparation_Time,Calories,Ingredients,Temperature,Size,Link,Image,Almond Flakes,Almond Pudding,Almond Soup,Black Sugar Boba,Boba,Caramel Pudding,Caramel Sauce,Chocolate Chip Egg Waffle,Chocolate Chips,Chocolate Egg Waffle,Chocolate Syrup,Chocolate Wafer Rolls,Coconut Flakes,Coconut Milk,Coconut Soup,Creamer,Crystal Mochi,Egg Waffle,Fluffy,Grass Jelly,Grass Jelly Shaved Ice,Grass Jelly Soup,Hot Red Beans Soup,Ice Cream,Mango,Matcha Egg Waffle,Matcha Red Beans Egg Waffle,Melon Jelly,Milk,Milk Tea Sauce,Mini Q,Mixed Nuts,Mung Bean Cakes,Peanuts,Potaro Ball,Purple Rice,Purple Rice Soup,Q Mochi,Red Beans,Red Beans Soup,Rice Balls,Sago,Sesame Rice Balls,Shaved Ice,Strawberry,Taro,Taro Balls,Taro Paste,Taro Paste Sauce,Tofu Pudding,Ube Milk Shaved Ice,Ube Paste
芋圆甜点,Icy Taro Ball Signature,招牌冰芋圆,2,4,694,"Taro Balls,Taro Paste,Taro Balls,Boba,Shaved Ice",1," 
 	
One Size",https://www.meetfresh.us/icy-taro-ball-signature/,static/icy-taro-ball-Signature.png,0,0,0,0,1,0,0,0,0,0,0,0,0,0,0,0,0,0,0,0,0,0,0,0,0,0,0,0,0,0,0,0,0,0,0,0,0,0,0,0,0,0,0,1,0,0,1,1,0,0,0,0
仙草甜点,Icy Grass Jelly Signature,招牌冰仙草,2,4,420,"Taro Balls,Grass Jelly Shaved Ice,Grass Jelly",1," 
 	
One Size",https://www.meetfresh.us/icy-grass-jelly-signature/,static/Signature-Icy-Grass-Jelly.png,0,0,0,0,0,0,0,0,0,0,0,0,0,0,0,0,0,0,0,1,1,0,0,0,0,0,0,0,0,0,0,0,0,0,0,0,0,0,0,0,0,0,0,0,0,0,1,0,0,0,0,0
芋圆甜点,Double Taro Signature,双芋招牌,2,4,586,"Taro Balls,Taro Paste,Ice Cream,Grass Jelly Shaved Ice,Grass Jelly",1," 
 	
One Size",https://meetfresh.us/double-taro-signature-2/,static/雙芋招牌-1.png,0,0,0,0,0,0,0,0,0,0,0,0,0,0,0,0,0,0,0,1,1,0,0,1,0,0,0,0,0,0,0,0,0,0,0,0,0,0,0,0,0,0,0,0,0,0,1,1,0,0,0,0
红豆汤甜点,Hot Red Bean Soup Signature,招牌热红豆汤,2,4,1135,"Taro Balls,Sesame Rice Balls,Taro,Red Beans,Boba,Red Beans Soup",2," 
 	
One Size",https://www.meetfresh.us/hot-red-bean-soup-signature/,static/04-Hot-Red-Bean-Soup-Signature-2024.png,0,0,0,0,1,0,0,0,0,0,0,0,0,0,0,0,0,0,0,0,0,0,0,0,0,0,0,0,0,0,0,0,0,0,0,0,0,0,1,1,0,0,1,0,0,1,1,0,0,0,0,0
仙草甜点,Hot Grass Jelly Signature,招牌热烧仙草,2,4,944,"Mini Q,Red Beans,Boba,Grass Jelly Soup",2," 
 	
One Size",https://www.meetfresh.us/hot-grass-jelly-soup-signature/,static/Hot-Grass-Jelly-Signature-trasparent.png,0,0,0,0,1,0,0,0,0,0,0,0,0,0,0,0,0,0,0,0,0,1,0,0,0,0,0,0,0,0,1,0,0,0,0,0,0,0,1,0,0,0,0,0,0,0,0,0,0,0,0,0
芋圆甜点,Icy Taro Ball Combo A,冰芋圆A,2,4,988,"Taro Balls,Red Beans,Peanuts,Boba,Shaved Ice",1," 
 	
One Size",https://meetfresh.us/icy-taro-ball-combo-a/,static/356a4444-8cf0-45a9-8c66-2d0b7733fb30.png,0,0,0,0,1,0,0,0,0,0,0,0,0,0,0,0,0,0,0,0,0,0,0,0,0,0,0,0,0,0,0,0,0,1,0,0,0,0,1,0,0,0,0,1,0,0,1,0,0,0,0,0
芋圆甜点,Icy Taro Ball Combo B,冰芋圆B,2,4,828,"Taro Balls,Taro,Red Beans,Boba,Shaved Ice",1," 
 	
One Size",https://meetfresh.us/icy-taro-ball-combo-b/,static/02-Icy-Taro-Ball-B-2024.png,0,0,0,0,1,0,0,0,0,0,0,0,0,0,0,0,0,0,0,0,0,0,0,0,0,0,0,0,0,0,0,0,0,0,0,0,0,0,1,0,0,0,0,1,0,1,1,0,0,0,0,0
芋圆甜点,Icy Taro Ball Combo C,冰芋圆C,2,4,714,"Taro Balls,Melon Jelly,Rice Balls,Boba,Shaved Ice",1," 
 	
One Size",https://meetfresh.us/icy-taro-ball-combo-c/,static/Icy-Taro-Ball-Combo-C-冰芋圓C.png,0,0,0,0,1,0,0,0,0,0,0,0,0,0,0,0,0,0,0,0,0,0,0,0,0,0,0,1,0,0,0,0,0,0,0,0,0,0,0,0,1,0,0,1,0,0,1,0,0,0,0,0
仙草甜点,Icy Grass Jelly Combo A,冰仙草A,2,4,702,"Grass Jelly,Red Beans,Peanuts,Boba,Grass Jelly Shaved Ice",1," 
 	
One Size",https://www.meetfresh.us/icy-grass-jelly-combo-a,static/5f05f890-b2dc-42ff-9496-5e2a2ffc417f.png,0,0,0,0,1,0,0,0,0,0,0,0,0,0,0,0,0,0,0,1,1,0,0,0,0,0,0,0,0,0,0,0,0,1,0,0,0,0,1,0,0,0,0,0,0,0,0,0,0,0,0,0
仙草甜点,Icy Grass Jelly Combo B,冰仙草B,2,4,542,"Grass Jelly,Taro,Red Beans,Boba,Grass Jelly Shaved Ice",1," 
 	
One Size",https://www.meetfresh.us/icy-grass-jelly-combo-b,static/408f0de5-342a-4325-9e0c-26924b7321ee.png,0,0,0,0,1,0,0,0,0,0,0,0,0,0,0,0,0,0,0,1,1,0,0,0,0,0,0,0,0,0,0,0,0,0,0,0,0,0,1,0,0,0,0,0,0,1,0,0,0,0,0,0
仙草甜点,Icy Grass Jelly Combo C,冰仙草C,2,4,428,"Grass Jelly,Melon Jelly,Rice Balls,Boba,Grass Jelly Shaved Ice",1," 
 	
One Size",https://www.meetfresh.us/icy-grass-jelly-combo-c,static/06-Icy-Grass-Jelly-C.png,0,0,0,0,1,0,0,0,0,0,0,0,0,0,0,0,0,0,0,1,1,0,0,0,0,0,0,1,0,0,0,0,0,0,0,0,0,0,0,0,1,0,0,0,0,0,0,0,0,0,0,0
仙草甜点,Hot Grass Jelly Soup Combo A,热烧仙草A,2,4,880,"Mini Q,Red Beans,Peanuts,Boba,Grass Jelly Soup",2," 
 	
One Size",https://www.meetfresh.us/hot-grass-jelly-soup-combo-a,static/93b487fd-24ce-4f9d-baf3-d39019f8d202.png,0,0,0,0,1,0,0,0,0,0,0,0,0,0,0,0,0,0,0,0,0,1,0,0,0,0,0,0,0,0,1,0,0,1,0,0,0,0,1,0,0,0,0,0,0,0,0,0,0,0,0,0
仙草甜点,Hot Grass Jelly Soup Combo B,热烧仙草B,2,4,720,"Mini Q,Taro,Red Beans,Boba,Grass Jelly Soup",2," 
 	
One Size",https://www.meetfresh.us/hot-grass-jelly-soup-combo-b,static/3b45baa9-26e6-436b-93d0-9b1c15fcaea7.png,0,0,0,0,1,0,0,0,0,0,0,0,0,0,0,0,0,0,0,0,0,1,0,0,0,0,0,0,0,0,1,0,0,0,0,0,0,0,1,0,0,0,0,0,0,1,0,0,0,0,0,0
仙草甜点,Hot Grass Jelly Soup Combo C,热烧仙草C,2,4,606,"Mini Q,Melon Jelly,Rice Balls,Boba,Grass Jelly Soup",2," 
 	
One Size",https://www.meetfresh.us/hot-grass-jelly-soup-combo-c,static/12-Hot-Grass-Jelly-soup-C.png,0,0,0,0,1,0,0,0,0,0,0,0,0,0,0,0,0,0,0,0,0,1,0,0,0,0,0,1,0,0,1,0,0,0,0,0,0,0,0,0,1,0,0,0,0,0,0,0,0,0,0,0
红豆汤甜点,Hot Red Bean Soup Combo A,热红豆汤A,2,4,1409,"Taro Balls,Red Beans,Peanuts,Boba,Red Beans Soup",2," 
 	
One Size",https://www.meetfresh.us/hot-red-bean-soup-combo-a,static/07-Hot-Red-Bean-soup-A.png,0,0,0,0,1,0,0,0,0,0,0,0,0,0,0,0,0,0,0,0,0,0,0,0,0,0,0,0,0,0,0,0,0,1,0,0,0,0,1,1,0,0,0,0,0,0,1,0,0,0,0,0
红豆汤甜点,Hot Red Bean Soup Combo B,热红豆汤B,2,4,1249,"Taro Balls,Taro,Red Beans,Boba,Red Beans Soup",2," 
 	
One Size",https://www.meetfresh.us/hot-red-bean-soup-combo-b,static/08-Hot-Red-Bean-soup-B.png,0,0,0,0,1,0,0,0,0,0,0,0,0,0,0,0,0,0,0,0,0,0,0,0,0,0,0,0,0,0,0,0,0,0,0,0,0,0,1,1,0,0,0,0,0,1,1,0,0,0,0,0
红豆汤甜点,Hot Red Bean Soup Combo C,热红豆汤C,2,4,1135,"Taro Balls,Red Beans,Melon Jelly,Rice Balls,Boba,Hot Red Beans Soup",2," 
 	
One Size",https://www.meetfresh.us/hot-red-bean-soup-combo-c,static/09-Hot-Red-Bean-soup-C.png,0,0,0,0,1,0,0,0,0,0,0,0,0,0,0,0,0,0,0,0,0,0,1,0,0,0,0,1,0,0,0,0,0,0,0,0,0,0,1,0,1,0,0,0,0,0,1,0,0,0,0,0
牛奶冰,Crystal Mochi Milk Shaved Ice,凉果子牛奶冰,3,5,1348,"Crystal Mochi,Red Beans,Rice Balls,Melon Jelly,Ice Cream",1," 
 	
One Size",https://meetfresh.us/crystal-mochi-milk-shaved-ice/,static/Crystal-Mochi-Milk-Shaved-Ice-2048x2031.png,0,0,0,0,0,0,0,0,0,0,0,0,0,0,0,0,1,0,0,0,0,0,0,1,0,0,0,1,0,0,0,0,0,0,0,0,0,0,1,0,1,0,0,0,0,0,0,0,0,0,0,0
牛奶冰,Pudding & Q Mochi Milk Shaved Ice,布丁Q麻薯牛奶冰,3,5,1267,"Almond Pudding,Caramel Pudding,Mini Q,Q Mochi,Melon Jelly,Ice Cream",1," 
 	
One Size",https://www.meetfresh.us/pudding-q-mochi-milk-shaved-ice/,static/Pudding-Q-Mochi-Milk-Shaved-Ice.png,0,1,0,0,0,1,0,0,0,0,0,0,0,0,0,0,0,0,0,0,0,0,0,1,0,0,0,1,0,0,1,0,0,0,0,0,0,1,0,0,0,0,0,0,0,0,0,0,0,0,0,0
牛奶冰,Q Mochi Milk Shaved Ice,芋薯圆Q麻薯牛奶冰,3,5,1152,"Mini Q,Melon Jelly,Taro Balls,Q Mochi,Ice Cream",1," 
 	
One Size",https://www.meetfresh.us/q-mochi-milk-shaved-ice/,static/Q-Mochi-Potaro-Ball-Milk-Shaved-Ice.png,0,0,0,0,0,0,0,0,0,0,0,0,0,0,0,0,0,0,0,0,0,0,0,1,0,0,0,1,0,0,1,0,0,0,0,0,0,1,0,0,0,0,0,0,0,0,1,0,0,0,0,0
牛奶冰,Black Sugar Boba Milky Shaved Ice,黑糖珍珠奶茶冰,3,5,2498,"Black Sugar Boba,Red Beans,Milk Tea Sauce,Caramel Pudding,Ice Cream",1," 
 	
One Size",https://www.meetfresh.us/black-sugar-boba-milky-shaved-ice/,static/Black-sugar-boba-milky-黑糖珍珠奶茶冰.png,0,0,0,1,0,1,0,0,0,0,0,0,0,0,0,0,0,0,0,0,0,0,0,1,0,0,0,0,0,1,0,0,0,0,0,0,0,0,1,0,0,0,0,0,0,0,0,0,0,0,0,0
牛奶冰,Taro Paste Volcano Shaved Ice,芋泥火山冰,3,5,991,"Boba,Red Beans,Caramel Pudding,Mini Q,Taro,Taro Paste,Ice Cream",1," 
 	
One Size",https://www.meetfresh.us/taro-paste-volcano-shaved-ice/,static/thumbnail.png,0,0,0,0,1,1,0,0,0,0,0,0,0,0,0,0,0,0,0,0,0,0,0,1,0,0,0,0,0,0,1,0,0,0,0,0,0,0,1,0,0,0,0,0,0,1,0,1,0,0,0,0
鸡蛋仔,Original Egg Waffle,原味鸡蛋仔,1,5,432,Egg Waffle,2," 
 	
One Size",,static/Original-原味-1-e1665687025271.png,0,0,0,0,0,0,0,0,0,0,0,0,0,0,0,0,0,1,0,0,0,0,0,0,0,0,0,0,0,0,0,0,0,0,0,0,0,0,0,0,0,0,0,0,0,0,0,0,0,0,0,0
鸡蛋仔,Matcha Egg Waffle,抹茶鸡蛋仔,1,5,447,Matcha Egg Waffle,2," 
 	
One Size",,static/Matcha-抹茶-1.png,0,0,0,0,0,0,0,0,0,0,0,0,0,0,0,0,0,0,0,0,0,0,0,0,0,1,0,0,0,0,0,0,0,0,0,0,0,0,0,0,0,0,0,0,0,0,0,0,0,0,0,0
鸡蛋仔,Chocolate Egg Waffle,巧克力鸡蛋仔,1,5,442,Chocolate Egg Waffle,2," 
 	
One Size",,static/Chocolate-巧克力-1.png,0,0,0,0,0,0,0,0,0,1,0,0,0,0,0,0,0,0,0,0,0,0,0,0,0,0,0,0,0,0,0,0,0,0,0,0,0,0,0,0,0,0,0,0,0,0,0,0,0,0,0,0
鸡蛋仔,Matcha Red Bean Egg Waffle,抹茶红豆鸡蛋仔,1,5,585,"Matcha Egg Waffle,Red Beans",2," 
 	
One Size",,static/Matcha-red-bean-抹茶紅豆-2.png,0,0,0,0,0,0,0,0,0,0,0,0,0,0,0,0,0,0,0,0,0,0,0,0,0,1,0,0,0,0,0,0,0,0,0,0,0,0,1,0,0,0,0,0,0,0,0,0,0,0,0,0
鸡蛋仔,Matcha Deluxe Egg Waffle,抹茶红豆麻薯鸡蛋仔,1,5,899,"Matcha Red Beans Egg Waffle,Ice Cream,Q Mochi,Red Beans,Milk",2," 
 	
One Size",,static/Matcha-Deluxe-抺茶紅豆麻糬-1.png,0,0,0,0,0,0,0,0,0,0,0,0,0,0,0,0,0,0,0,0,0,0,0,1,0,0,1,0,1,0,0,0,0,0,0,0,0,1,1,0,0,0,0,0,0,0,0,0,0,0,0,0
鸡蛋仔,Chocolate Chip Egg Waffle,双浓巧克力鸡蛋仔,1,5,598,"Chocolate Egg Waffle,Chocolate Chips",2," 
 	
One Size",,static/Chocolate-chips-雙濃巧克力-1.png,0,0,0,0,0,0,0,0,1,1,0,0,0,0,0,0,0,0,0,0,0,0,0,0,0,0,0,0,0,0,0,0,0,0,0,0,0,0,0,0,0,0,0,0,0,0,0,0,0,0,0,0
鸡蛋仔,Chocolate Deluxe Egg Waffle,坚果巧克力鸡蛋仔,1,5,855,"Chocolate Chip Egg Waffle,Ice Cream,Mixed Nuts,Chocolate Wafer Rolls,Chocolate Syrup",2," 
 	
One Size",,static/Chocolate-deluxe-堅果巧克力-1.png,0,0,0,0,0,0,0,1,0,0,1,1,0,0,0,0,0,0,0,0,0,0,0,1,0,0,0,0,0,0,0,1,0,0,0,0,0,0,0,0,0,0,0,0,0,0,0,0,0,0,0,0
豆花,Tofu Pudding,清豆花,2,4,318,Tofu Pudding,1," 
 	
One Size",,static/Tofu-pudding-base-2048x1802.jpg,0,0,0,0,0,0,0,0,0,0,0,0,0,0,0,0,0,0,0,0,0,0,0,0,0,0,0,0,0,0,0,0,0,0,0,0,0,0,0,0,0,0,0,0,0,0,0,0,0,1,0,0
豆花,Red Bean Tofu Pudding,红豆豆花,2,4,733,"Red Beans,Tofu Pudding",2," 
 	
One Size",,static/36511aac-daee-45c2-bb2b-79cd4b97eb77.png,0,0,0,0,0,0,0,0,0,0,0,0,0,0,0,0,0,0,0,0,0,0,0,0,0,0,0,0,0,0,0,0,0,0,0,0,0,0,1,0,0,0,0,0,0,0,0,0,0,1,0,0
豆花,Red Bean Tofu Pudding,红豆豆花,2,4,647,"Red Beans,Tofu Pudding",1," 
 	
One Size",,static/36511aac-daee-45c2-bb2b-79cd4b97eb77.png,0,0,0,0,0,0,0,0,0,0,0,0,0,0,0,0,0,0,0,0,0,0,0,0,0,0,0,0,0,0,0,0,0,0,0,0,0,0,1,0,0,0,0,0,0,0,0,0,0,1,0,0
豆花,Boba Tofu Pudding,珍珠豆花,2,4,510,"Boba,Tofu Pudding",2," 
 	
One Size",,static/e13ee4c1-ead8-4b37-b46e-4786286c8595.png,0,0,0,0,1,0,0,0,0,0,0,0,0,0,0,0,0,0,0,0,0,0,0,0,0,0,0,0,0,0,0,0,0,0,0,0,0,0,0,0,0,0,0,0,0,0,0,0,0,1,0,0
豆花,Boba Tofu Pudding,珍珠豆花,2,4,424,"Boba,Tofu Pudding",1," 
 	
One Size",,static/e13ee4c1-ead8-4b37-b46e-4786286c8595.png,0,0,0,0,1,0,0,0,0,0,0,0,0,0,0,0,0,0,0,0,0,0,0,0,0,0,0,0,0,0,0,0,0,0,0,0,0,0,0,0,0,0,0,0,0,0,0,0,0,1,0,0
豆花,Peanut Tofu Pudding,花生豆花,2,4,1038,"Peanuts,Tofu Pudding",2," 
 	
One Size",,static/0c0cb517-b86a-4e29-8021-c83ed26d4429.png,0,0,0,0,0,0,0,0,0,0,0,0,0,0,0,0,0,0,0,0,0,0,0,0,0,0,0,0,0,0,0,0,0,1,0,0,0,0,0,0,0,0,0,0,0,0,0,0,0,1,0,0
豆花,Peanut Tofu Pudding,花生豆花,2,4,952,"Peanuts,Tofu Pudding",1," 
 	
One Size",,static/0c0cb517-b86a-4e29-8021-c83ed26d4429.png,0,0,0,0,0,0,0,0,0,0,0,0,0,0,0,0,0,0,0,0,0,0,0,0,0,0,0,0,0,0,0,0,0,1,0,0,0,0,0,0,0,0,0,0,0,0,0,0,0,1,0,0
豆花,Rice Ball Tofu Pudding,汤圆豆花,2,4,446,"Rice Balls,Tofu Pudding",2," 
 	
One Size",,static/50d18bcb-042a-4718-bf87-78492f7dfd36.png,0,0,0,0,0,0,0,0,0,0,0,0,0,0,0,0,0,0,0,0,0,0,0,0,0,0,0,0,0,0,0,0,0,0,0,0,0,0,0,0,1,0,0,0,0,0,0,0,0,1,0,0
豆花,Rice Ball Tofu Pudding,汤圆豆花,2,4,360,"Rice Balls,Tofu Pudding",1," 
 	
One Size",,static/50d18bcb-042a-4718-bf87-78492f7dfd36.png,0,0,0,0,0,0,0,0,0,0,0,0,0,0,0,0,0,0,0,0,0,0,0,0,0,0,0,0,0,0,0,0,0,0,0,0,0,0,0,0,1,0,0,0,0,0,0,0,0,1,0,0
豆花,Taro Tofu Pudding,芋头豆花,2,4,398,"Taro,Tofu Pudding",2," 
 	
One Size",,static/06-Taro-Tofu-Pudding-Cold-Hot-2024.png,0,0,0,0,0,0,0,0,0,0,0,0,0,0,0,0,0,0,0,0,0,0,0,0,0,0,0,0,0,0,0,0,0,0,0,0,0,0,0,0,0,0,0,0,0,1,0,0,0,1,0,0
豆花,Taro Tofu Pudding,芋头豆花,2,4,312,"Taro,Tofu Pudding",1," 
 	
One Size",,static/06-Taro-Tofu-Pudding-Cold-Hot-2024.png,0,0,0,0,0,0,0,0,0,0,0,0,0,0,0,0,0,0,0,0,0,0,0,0,0,0,0,0,0,0,0,0,0,0,0,0,0,0,0,0,0,0,0,0,0,1,0,0,0,1,0,0
豆花,Mini Q Tofu Pudding,小芋圆豆花,2,4,489,"Mini Q,Tofu Pudding",2," 
 	
One Size",,static/Mini-Q-小芋圓豆花-2048x1869.jpg.jpg,0,0,0,0,0,0,0,0,0,0,0,0,0,0,0,0,0,0,0,0,0,0,0,0,0,0,0,0,0,0,1,0,0,0,0,0,0,0,0,0,0,0,0,0,0,0,0,0,0,1,0,0
豆花,Mini Q Tofu Pudding,小芋圆豆花,2,4,403,"Mini Q,Tofu Pudding",1," 
 	
One Size",,static/Mini-Q-小芋圓豆花-2048x1869.jpg,0,0,0,0,0,0,0,0,0,0,0,0,0,0,0,0,0,0,0,0,0,0,0,0,0,0,0,0,0,0,1,0,0,0,0,0,0,0,0,0,0,0,0,0,0,0,0,0,0,1,0,0
豆花,Taro Ball Tofu Pudding,芋圆豆花,2,4,588,"Taro Balls,Tofu Pudding",2," 
 	
One Size",,static/94f38c89-3116-495a-8f6b-973b0f1d9333.png,0,0,0,0,0,0,0,0,0,0,0,0,0,0,0,0,0,0,0,0,0,0,0,0,0,0,0,0,0,0,0,0,0,0,0,0,0,0,0,0,0,0,0,0,0,0,1,0,0,1,0,0
豆花,Taro Ball Tofu Pudding,芋圆豆花,2,4,502,"Taro Balls,Tofu Pudding",1," 
 	
One Size",,static/94f38c89-3116-495a-8f6b-973b0f1d9333.png,0,0,0,0,0,0,0,0,0,0,0,0,0,0,0,0,0,0,0,0,0,0,0,0,0,0,0,0,0,0,0,0,0,0,0,0,0,0,0,0,0,0,0,0,0,0,1,0,0,1,0,0
豆花,Potaro Ball Tofu Pudding,芋薯圆豆花,2,4,508,"Potaro Ball,Tofu Pudding",2," 
 	
One Size",,static/Potaro-Ball-Tofu-Pudding-2048x1931.png,0,0,0,0,0,0,0,0,0,0,0,0,0,0,0,0,0,0,0,0,0,0,0,0,0,0,0,0,0,0,0,0,0,0,1,0,0,0,0,0,0,0,0,0,0,0,0,0,0,1,0,0
豆花,Potaro Ball Tofu Pudding,芋薯圆豆花,2,4,422,"Potaro Ball,Tofu Pudding",1," 
 	
One Size",,static/Potaro-Ball-Tofu-Pudding-2048x1931.png,0,0,0,0,0,0,0,0,0,0,0,0,0,0,0,0,0,0,0,0,0,0,0,0,0,0,0,0,0,0,0,0,0,0,1,0,0,0,0,0,0,0,0,0,0,0,0,0,0,1,0,0
布丁,Boba Caramel Pudding,珍珠焦糖布丁,2,4,289,"Boba,Caramel Pudding",1," 
 	
One Size",,static/-e1613771171239.png,0,0,0,0,1,1,0,0,0,0,0,0,0,0,0,0,0,0,0,0,0,0,0,0,0,0,0,0,0,0,0,0,0,0,0,0,0,0,0,0,0,0,0,0,0,0,0,0,0,0,0,0
布丁,Red Bean Almond Pudding,红豆杏仁布丁,2,4,266,"Almond Pudding,Creamer,Red Beans",1," 
 	
One Size",,static/Almond-Pudding-w-Red-Bean.png,0,1,0,0,0,0,0,0,0,0,0,0,0,0,0,1,0,0,0,0,0,0,0,0,0,0,0,0,0,0,0,0,0,0,0,0,0,0,1,0,0,0,0,0,0,0,0,0,0,0,0,0
布丁,Q Mochi & Almond Pudding,Q麻薯杏仁布丁拼盘,2,4,625,"Almond Pudding,Caramel Sauce,Creamer,Red Beans,Coconut Flakes,Q Mochi",1," 
 	
One Size",,static/c93e30fc-248a-4b9b-ad5a-fc3ddd9185fa.png,0,1,0,0,0,0,1,0,0,0,0,0,1,0,0,1,0,0,0,0,0,0,0,0,0,0,0,0,0,0,0,0,0,0,0,0,0,1,1,0,0,0,0,0,0,0,0,0,0,0,0,0
布丁,Q Mochi & Caramel Pudding,Q麻薯焦糖布丁拼盘,2,4,663,"Boba,Caramel Pudding,Caramel Sauce,Coconut Flakes,Q Mochi",1," 
 	
One Size",,static/Q-Mochi-Egg-Pudding-Combo.png,0,0,0,0,1,1,1,0,0,0,0,0,1,0,0,0,0,0,0,0,0,0,0,0,0,0,0,0,0,0,0,0,0,0,0,0,0,1,0,0,0,0,0,0,0,0,0,0,0,0,0,0
麻薯小点心,Crystal Mochi Set,凉果子,1,4,384,Crystal Mochi,1," 
 	
One Size",,static/05-Crystal-Mochi-Set-1.jpg,0,0,0,0,0,0,0,0,0,0,0,0,0,0,0,0,1,0,0,0,0,0,0,0,0,0,0,0,0,0,0,0,0,0,0,0,0,0,0,0,0,0,0,0,0,0,0,0,0,0,0,0
麻薯小点心,Q Mochi Set,日式Q麻薯,1,4,359,"Caramel Sauce,Coconut Flakes,Q Mochi",1," 
 	
One Size",,static/Q-Mochi.png,0,0,0,0,0,0,1,0,0,0,0,0,1,0,0,0,0,0,0,0,0,0,0,0,0,0,0,0,0,0,0,0,0,0,0,0,0,1,0,0,0,0,0,0,0,0,0,0,0,0,0,0
麻薯小点心,Crystal & Q Mochi Set,凉果子Q麻薯拼盘,1,4,245,"Crystal Mochi,Caramel Sauce,Coconut Flakes,Q Mochi",1," 
 	
One Size",,static/,0,0,0,0,0,0,1,0,0,0,0,0,1,0,0,0,1,0,0,0,0,0,0,0,0,0,0,0,0,0,0,0,0,0,0,0,0,1,0,0,0,0,0,0,0,0,0,0,0,0,0,0
麻薯小点心,Crystal Mochi & Mung Bean Cake Set,凉果子绿豆糕拼盘,1,4,340,"Crystal Mochi,Mung Bean Cakes",1," 
 	
One Size",,static/,0,0,0,0,0,0,0,0,0,0,0,0,0,0,0,0,1,0,0,0,0,0,0,0,0,0,0,0,0,0,0,0,1,0,0,0,0,0,0,0,0,0,0,0,0,0,0,0,0,0,0,0
麻薯小点心,Mung Bean Cake Set,绿豆糕,1,4,300,Mung Bean Cakes,1," 
 	
One Size",,static/5c3ea6d1-2d1a-402a-a854-5cfbda55de92.png,0,0,0,0,0,0,0,0,0,0,0,0,0,0,0,0,0,0,0,0,0,0,0,0,0,0,0,0,0,0,0,0,1,0,0,0,0,0,0,0,0,0,0,0,0,0,0,0,0,0,0,0
杏仁露,Hot Almond Drink,原味热杏仁露,1,4,445,Almond Soup,2," 
 	
One Size",,static/6e69b595-2297-4ba8-913d-5f3f348e3142.png,0,0,1,0,0,0,0,0,0,0,0,0,0,0,0,0,0,0,0,0,0,0,0,0,0,0,0,0,0,0,0,0,0,0,0,0,0,0,0,0,0,0,0,0,0,0,0,0,0,0,0,0
杏仁露,Hot Boba Almond Drink,珍珠热杏仁露,1,4,566,"Boba,Almond Soup",2," 
 	
One Size",,static/2a05b8fc-c037-4aa8-9d5c-0763d7d4f31b.png,0,0,1,0,1,0,0,0,0,0,0,0,0,0,0,0,0,0,0,0,0,0,0,0,0,0,0,0,0,0,0,0,0,0,0,0,0,0,0,0,0,0,0,0,0,0,0,0,0,0,0,0
杏仁露,Hot Mini Q Almond Drink,小芋圆热杏仁露,1,4,545,"Mini Q,Almond Soup",2," 
 	
One Size",,static/e4cec7c2-ea8a-4540-b51f-554bd7536ec6.png,0,0,1,0,0,0,0,0,0,0,0,0,0,0,0,0,0,0,0,0,0,0,0,0,0,0,0,0,0,0,1,0,0,0,0,0,0,0,0,0,0,0,0,0,0,0,0,0,0,0,0,0
牛奶冰,Mango Milk Shaved Ice,芒果牛奶冰,3,5,753,"Mango,Milk,Ice Cream",1,L,https://www.meetfresh.us/mango-milk-shaved-ice/,static/Mango-Milk-芒果牛奶冰.jpg,0,0,0,0,0,0,0,0,0,0,0,0,0,0,0,0,0,0,0,0,0,0,0,1,1,0,0,0,1,0,0,0,0,0,0,0,0,0,0,0,0,0,0,0,0,0,0,0,0,0,0,0
牛奶冰,Mango Milk Shaved Ice,芒果牛奶冰,3,5,377,"Mango,Milk,Ice Cream",1,M,https://www.meetfresh.us/mango-milk-shaved-ice/,static/Mango-Milk-芒果牛奶冰.jpg,0,0,0,0,0,0,0,0,0,0,0,0,0,0,0,0,0,0,0,0,0,0,0,1,1,0,0,0,1,0,0,0,0,0,0,0,0,0,0,0,0,0,0,0,0,0,0,0,0,0,0,0
牛奶冰,Strawberry Milk Shaved Ice,草莓牛奶冰,3,5,879,"Strawberry,Ice Cream,Milk",1,L,https://www.meetfresh.us/strawberry-milk-shaved-ice/,static/Strawberry-Milk-Shaved-Ice.png,0,0,0,0,0,0,0,0,0,0,0,0,0,0,0,0,0,0,0,0,0,0,0,1,0,0,0,0,1,0,0,0,0,0,0,0,0,0,0,0,0,0,0,0,1,0,0,0,0,0,0,0
牛奶冰,Strawberry Milk Shaved Ice,草莓牛奶冰,3,5,440,"Strawberry,Ice Cream,Milk",1,M,https://www.meetfresh.us/strawberry-milk-shaved-ice/,static/Strawberry-Milk-Shaved-Ice.png,0,0,0,0,0,0,0,0,0,0,0,0,0,0,0,0,0,0,0,0,0,0,0,1,0,0,0,0,1,0,0,0,0,0,0,0,0,0,0,0,0,0,0,0,1,0,0,0,0,0,0,0
牛奶冰,Mangoberry Milk Shaved Ice,双子星牛奶冰,3,5,1037,"Mango,Strawberry,Milk,Ice Cream",1,L,https://www.meetfresh.us/mangoberry-milk-shaved-ice/,static/Mangoberry-milk-雙子星冰-scaled.jpg,0,0,0,0,0,0,0,0,0,0,0,0,0,0,0,0,0,0,0,0,0,0,0,1,1,0,0,0,1,0,0,0,0,0,0,0,0,0,0,0,0,0,0,0,1,0,0,0,0,0,0,0
牛奶冰,Mangoberry Milk Shaved Ice,双子星牛奶冰,3,5,519,"Mango,Strawberry,Milk,Ice Cream",1,M,https://www.meetfresh.us/mangoberry-milk-shaved-ice/,static/Mangoberry-milk-雙子星冰-scaled.jpg,0,0,0,0,0,0,0,0,0,0,0,0,0,0,0,0,0,0,0,0,0,0,0,1,1,0,0,0,1,0,0,0,0,0,0,0,0,0,0,0,0,0,0,0,1,0,0,0,0,0,0,0
杏仁烧,Hot Almond Soup Tofu Pudding,热杏仁烧豆花,1,4,441,"Tofu Pudding,Almond Soup",2," 
 	
One Size",,static/Hot-almond-soup-tofu-pudding-杏仁燒豆花-2048x1768.jpg,0,0,1,0,0,0,0,0,0,0,0,0,0,0,0,0,0,0,0,0,0,0,0,0,0,0,0,0,0,0,0,0,0,0,0,0,0,0,0,0,0,0,0,0,0,0,0,0,0,1,0,0
杏仁烧,Hot Almond Soup Signature,招牌杏仁烧,1,4,965,"Mini Q,Red Beans,Boba,Almond Flakes,Almond Soup",2," 
 	
One Size",https://www.meetfresh.us/hot-almond-soup-signature/,static/01-Hot-Coco-Sago-Signature.jpg,1,0,1,0,1,0,0,0,0,0,0,0,0,0,0,0,0,0,0,0,0,0,0,0,0,0,0,0,0,0,1,0,0,0,0,0,0,0,1,0,0,0,0,0,0,0,0,0,0,0,0,0
杏仁烧,Hot Almond Soup A,热杏仁烧A,1,4,953,"Taro Balls,Almond Flakes,Almond Soup,Peanuts,Red Beans,Boba",2," 
 	
One Size",https://www.meetfresh.us/hot-almond-soup-combo-a,static/37e154fc-45ab-459b-94bc-0427e40c7a49.png,1,0,1,0,1,0,0,0,0,0,0,0,0,0,0,0,0,0,0,0,0,0,0,0,0,0,0,0,0,0,0,0,0,1,0,0,0,0,1,0,0,0,0,0,0,0,1,0,0,0,0,0
杏仁烧,Hot Almond Soup B,热杏仁烧B,1,4,793,"Taro Balls,Almond Flakes,Almond Soup,Taro,Red Beans,Boba,",2," 
 	
One Size",https://www.meetfresh.us/hot-almond-soup-combo-b,static/130d2190-c3c2-4acb-b2f4-d97653555cec.png,1,0,1,0,1,0,0,0,0,0,0,0,0,0,0,0,0,0,0,0,0,0,0,0,0,0,0,0,0,0,0,0,0,0,0,0,0,0,1,0,0,0,0,0,0,1,1,0,0,0,0,0
杏仁烧,Hot Almond Soup C,热杏仁烧C,1,4,679,"Taro Balls,Almond Flakes,Almond Soup,Melon Jelly,Rice Balls,Boba",2," 
 	
One Size",https://www.meetfresh.us/hot-almond-soup-combo-c,static/Hot-Almond-Soup-Combo-C-transparent-2048x1702.png,1,0,1,0,1,0,0,0,0,0,0,0,0,0,0,0,0,0,0,0,0,0,0,0,0,0,0,1,0,0,0,0,0,0,0,0,0,0,0,0,1,0,0,0,0,0,1,0,0,0,0,0
杏仁烧,Create Your Own Hot Almond Soup,自由配：杏仁烧,1,4,383,Almond Soup,2," 
 	
One Size",,static/,0,0,1,0,0,0,0,0,0,0,0,0,0,0,0,0,0,0,0,0,0,0,0,0,0,0,0,0,0,0,0,0,0,0,0,0,0,0,0,0,0,0,0,0,0,0,0,0,0,0,0,0
QT cup,Taro Paste QT,芋泥可爱杯,3,4,550,"Mini Q,Taro Paste,Taro Paste Sauce,Ice Cream,Milk",1," 
 	
One Size",,static/,0,0,0,0,0,0,0,0,0,0,0,0,0,0,0,0,0,0,0,0,0,0,0,1,0,0,0,0,1,0,1,0,0,0,0,0,0,0,0,0,0,0,0,0,0,0,0,1,1,0,0,0
QT cup,Caramel Puddin' QT,焦糖布丁可爱杯,3,4,895,"Boba,Caramel Pudding,Rice Balls,Milk Tea Sauce,Ice Cream",1," 
 	
One Size",,static/,0,0,0,0,1,1,0,0,0,0,0,0,0,0,0,0,0,0,0,0,0,0,0,1,0,0,0,0,0,1,0,0,0,0,0,0,0,0,0,0,1,0,0,0,0,0,0,0,0,0,0,0
QT cup,Almond Puddin' QT,杏仁布丁可爱杯,3,4,460,"Almond Pudding,Mini Q,Red Beans,Ice Cream,Milk",1," 
 	
One Size",,static/,0,1,0,0,0,0,0,0,0,0,0,0,0,0,0,0,0,0,0,0,0,0,0,1,0,0,0,0,1,0,1,0,0,0,0,0,0,0,1,0,0,0,0,0,0,0,0,0,0,0,0,0
紫薯甜点,Ube & Taro Paste Signature,紫薯芋泥招牌,2,4,680,"Taro Paste,Ube Paste,Taro Balls,Grass Jelly,Grass Jelly Shaved Ice,Creamer",1," 
 	
One Size",,static/,0,0,0,0,0,0,0,0,0,0,0,0,0,0,0,1,0,0,0,1,1,0,0,0,0,0,0,0,0,0,0,0,0,0,0,0,0,0,0,0,0,0,0,0,0,0,1,1,0,0,0,1
紫薯甜点,Ube Milk Shaved Ice,紫薯牛奶冰,2,4,1005,"Ube Milk Shaved Ice,Ube Paste,Mini Q,Red Beans,Boba,Taro Balls",1," 
 	
One Size",,static/,0,0,0,0,1,0,0,0,0,0,0,0,0,0,0,0,0,0,0,0,0,0,0,0,0,0,0,0,0,0,1,0,0,0,0,0,0,0,1,0,0,0,0,0,0,0,1,0,0,0,1,1
紫米饮料,Purple Rice Fresh Milk,紫米鲜奶,2,4,744,"Purple Rice,Milk",1," 
 	
One Size",,static/purple-rice-drink-fresh-milk-紫米鲜奶.jpg,0,0,0,0,0,0,0,0,0,0,0,0,0,0,0,0,0,0,0,0,0,0,0,0,0,0,0,0,1,0,0,0,0,0,0,1,0,0,0,0,0,0,0,0,0,0,0,0,0,0,0,0
紫米饮料,Purple Rice Fresh Milk,紫米鲜奶,2,4,790,"Purple Rice,Milk",2," 
 	
One Size",,static/purple-rice-drink-fresh-milk-紫米鲜奶.jpg,0,0,0,0,0,0,0,0,0,0,0,0,0,0,0,0,0,0,0,0,0,0,0,0,0,0,0,0,1,0,0,0,0,0,0,1,0,0,0,0,0,0,0,0,0,0,0,0,0,0,0,0
紫米饮料,Boba Purple Rice Fresh Milk,紫米珍珠鲜奶,2,4,830,"Boba,Purple Rice,Milk",1," 
 	
One Size",,static/Boba-purple-rice-drink-紫米珍珠.jpg,0,0,0,0,1,0,0,0,0,0,0,0,0,0,0,0,0,0,0,0,0,0,0,0,0,0,0,0,1,0,0,0,0,0,0,1,0,0,0,0,0,0,0,0,0,0,0,0,0,0,0,0
紫米饮料,Boba Purple Rice Fresh Milk,紫米珍珠鲜奶,2,4,918,"Boba,Purple Rice,Milk",2," 
 	
One Size",,static/Boba-purple-rice-drink-紫米珍珠.jpg,0,0,0,0,1,0,0,0,0,0,0,0,0,0,0,0,0,0,0,0,0,0,0,0,0,0,0,0,1,0,0,0,0,0,0,1,0,0,0,0,0,0,0,0,0,0,0,0,0,0,0,0
紫米饮料,Mini Q Purple Rice Fresh Milk,紫米小芋圆鲜奶,2,4,831,"Mini Q,Purple Rice,Milk",1," 
 	
One Size",,static/Mini-Q-purple-rice-drink-紫米小芋圆.jpg,0,0,0,0,0,0,0,0,0,0,0,0,0,0,0,0,0,0,0,0,0,0,0,0,0,0,0,0,1,0,1,0,0,0,0,1,0,0,0,0,0,0,0,0,0,0,0,0,0,0,0,0
紫米饮料,Mini Q Purple Rice Fresh Milk,紫米小芋圆鲜奶,2,4,873,"Mini Q,Purple Rice,Milk",2," 
 	
One Size",,static/Mini-Q-purple-rice-drink-紫米小芋圆.jpg,0,0,0,0,0,0,0,0,0,0,0,0,0,0,0,0,0,0,0,0,0,0,0,0,0,0,0,0,1,0,1,0,0,0,0,1,0,0,0,0,0,0,0,0,0,0,0,0,0,0,0,0
紫薯饮料,Fluffy Ube Smoothie,紫薯奶霜冰沙,2,4,590,"Ube Paste,Fluffy",1," 
 	
One Size",,static/,0,0,0,0,0,0,0,0,0,0,0,0,0,0,0,0,0,0,1,0,0,0,0,0,0,0,0,0,0,0,0,0,0,0,0,0,0,0,0,0,0,0,0,0,0,0,0,0,0,0,0,1
椰奶饮料,Cold Coco Sago Drink,冷芋泥椰奶西米露,2,4,985,"Coconut Milk,Sago",1," 
 	
One Size",,static/Coco-Sago-Drink-resized.png,0,0,0,0,0,0,0,0,0,0,0,0,0,1,0,0,0,0,0,0,0,0,0,0,0,0,0,0,0,0,0,0,0,0,0,0,0,0,0,0,0,1,0,0,0,0,0,0,0,0,0,0
椰奶饮料,Cold Mini Q Coco Sago Drink,冷芋泥椰奶小芋圆,2,4,985,"Coconut Milk,Sago,Mini Q",1," 
 	
One Size",,static/Mini-Q-Coco-Sago-Drink-resized.png,0,0,0,0,0,0,0,0,0,0,0,0,0,1,0,0,0,0,0,0,0,0,0,0,0,0,0,0,0,0,1,0,0,0,0,0,0,0,0,0,0,1,0,0,0,0,0,0,0,0,0,0
椰奶饮料,Hot Coco Sago Drink,热芋泥椰奶西米露,2,4,950,"Coconut Milk,Sago",2," 
 	
One Size",,static/Coco-Sago-Drink-resized.png,0,0,0,0,0,0,0,0,0,0,0,0,0,1,0,0,0,0,0,0,0,0,0,0,0,0,0,0,0,0,0,0,0,0,0,0,0,0,0,0,0,1,0,0,0,0,0,0,0,0,0,0
椰奶饮料,Hot Mini Q Coco Sago Drink,热芋泥椰奶小芋圆,2,4,955,"Coconut Milk,Sago,Mini Q",2," 
 	
One Size",,static/Mini-Q-Coco-Sago-Drink-resized.png,0,0,0,0,0,0,0,0,0,0,0,0,0,1,0,0,0,0,0,0,0,0,0,0,0,0,0,0,0,0,1,0,0,0,0,0,0,0,0,0,0,1,0,0,0,0,0,0,0,0,0,0
紫米粥,Cold Purple Rice Soup Signature,招牌冷紫米粥,2,4,711,"Taro Paste,Taro Balls,Rice Balls,Purple Rice Soup",1,One Size,https://meetfresh.us/cold-purple-rice-soup-signature/,static/Cold-Purple-Rice-Soup-Signature.jpg,0,0,0,0,0,0,0,0,0,0,0,0,0,0,0,0,0,0,0,0,0,0,0,0,0,0,0,0,0,0,0,0,0,0,0,0,1,0,0,0,1,0,0,0,0,0,1,1,0,0,0,0
紫米粥,Hot Purple Rice Soup Signature,招牌热紫米粥,2,4,706,"Taro Paste,Taro Balls,Rice Balls,Purple Rice Soup",2,One Size,https://meetfresh.us/hot-purple-rice-soup-signature/,static/01-Cold-hot-Purple-Rice-Soup-Signature-2024.png,0,0,0,0,0,0,0,0,0,0,0,0,0,0,0,0,0,0,0,0,0,0,0,0,0,0,0,0,0,0,0,0,0,0,0,0,1,0,0,0,1,0,0,0,0,0,1,1,0,0,0,0
紫米粥,Cold Purple Rice Soup A,冷紫米粥A,2,4,1117,"Purple Rice Soup,Peanuts,Red Beans,Boba",1,One Size,https://meetfresh.us/purple-rice-soup-combo-a/,static/purple-rice-soup-A-紫米粥A-2048x1757.png,0,0,0,0,1,0,0,0,0,0,0,0,0,0,0,0,0,0,0,0,0,0,0,0,0,0,0,0,0,0,0,0,0,1,0,0,1,0,1,0,0,0,0,0,0,0,0,0,0,0,0,0
紫米粥,Hot Purple Rice Soup A,热紫米粥A,2,4,1117,"Purple Rice Soup,Peanuts,Red Beans,Boba",2,One Size,https://meetfresh.us/purple-rice-soup-combo-a/,static/purple-rice-soup-A-紫米粥A-2048x1757.png,0,0,0,0,1,0,0,0,0,0,0,0,0,0,0,0,0,0,0,0,0,0,0,0,0,0,0,0,0,0,0,0,0,1,0,0,1,0,1,0,0,0,0,0,0,0,0,0,0,0,0,0
紫米粥,Cold Purple Rice Soup B,冷紫米粥B,2,4,867,"Purple Rice Soup,Taro,Red Beans,Boba",1,One Size,https://meetfresh.us/purple-rice-soup-combo-b/,static/04-Purple-Rice-Soup-B-Cold-Hot-2024.png,0,0,0,0,1,0,0,0,0,0,0,0,0,0,0,0,0,0,0,0,0,0,0,0,0,0,0,0,0,0,0,0,0,0,0,0,1,0,1,0,0,0,0,0,0,1,0,0,0,0,0,0
紫米粥,Hot Purple Rice Soup B,热紫米粥B,2,4,867,"Purple Rice Soup,Taro,Red Beans,Boba",2,One Size,https://meetfresh.us/purple-rice-soup-combo-b/,static/04-Purple-Rice-Soup-B-Cold-Hot-2024.png,0,0,0,0,1,0,0,0,0,0,0,0,0,0,0,0,0,0,0,0,0,0,0,0,0,0,0,0,0,0,0,0,0,0,0,0,1,0,1,0,0,0,0,0,0,1,0,0,0,0,0,0
紫米粥,Cold Purple Rice Soup C,冷紫米粥C,2,4,753,"Purple Rice Soup,Melon Jelly,Rice Balls,Boba",1,One Size,https://meetfresh.us/purple-rice-soup-combo-c/,static/Purple-Rice-Soup-C-transparent-resized.png,0,0,0,0,1,0,0,0,0,0,0,0,0,0,0,0,0,0,0,0,0,0,0,0,0,0,0,1,0,0,0,0,0,0,0,0,1,0,0,0,1,0,0,0,0,0,0,0,0,0,0,0
紫米粥,Hot Purple Rice Soup C,热紫米粥C,2,4,753,"Purple Rice Soup,Melon Jelly,Rice Balls,Boba",2,One Size,https://meetfresh.us/purple-rice-soup-combo-c/,static/Purple-Rice-Soup-C-transparent-resized.png,0,0,0,0,1,0,0,0,0,0,0,0,0,0,0,0,0,0,0,0,0,0,0,0,0,0,0,1,0,0,0,0,0,0,0,0,1,0,0,0,1,0,0,0,0,0,0,0,0,0,0,0
紫米粥,Create Your Own Purple Rice Soup,自由配：紫米粥,2,4,457,Purple Rice Soup,1,One Size,,static/,0,0,0,0,0,0,0,0,0,0,0,0,0,0,0,0,0,0,0,0,0,0,0,0,0,0,0,0,0,0,0,0,0,0,0,0,1,0,0,0,0,0,0,0,0,0,0,0,0,0,0,0
紫米粥,Create Your Own Purple Rice Soup,自由配：紫米粥,2,4,457,Purple Rice Soup,2,One Size,,static/,0,0,0,0,0,0,0,0,0,0,0,0,0,0,0,0,0,0,0,0,0,0,0,0,0,0,0,0,0,0,0,0,0,0,0,0,1,0,0,0,0,0,0,0,0,0,0,0,0,0,0,0
紫米粥,Hot Almond Soup with Purple Rice Soup,热紫米杏仁露,2,4,457,"Almond Flakes,Almond Soup,Purple Rice Soup",2,One Size,,static/e79f4120-b310-4d1a-8d76-606c39e30b58.png,1,0,1,0,0,0,0,0,0,0,0,0,0,0,0,0,0,0,0,0,0,0,0,0,0,0,0,0,0,0,0,0,0,0,0,0,1,0,0,0,0,0,0,0,0,0,0,0,0,0,0,0
椰奶甜品,Cold Coco Sago Signature,招牌冷椰奶,2,4,1465,"Sago,Taro Balls,Taro,Boba,Almond Pudding,Coconut Soup",1,One Size,https://meetfresh.us/cold-coco-sago-soup-signature/,static/01-Cold-Coco-Sago-Signature-2024.png,0,1,0,0,1,0,0,0,0,0,0,0,0,0,1,0,0,0,0,0,0,0,0,0,0,0,0,0,0,0,0,0,0,0,0,0,0,0,0,0,0,1,0,0,0,1,1,0,0,0,0,0
椰奶甜品,Hot Coco Sago Signature,招牌热椰奶,2,4,1115,"Sago,Taro Balls,Taro,Boba,Almond Pudding,Coconut Milk",2,One Size,,static/01-Hot-Coco-Sago-Signature.jpg,0,1,0,0,1,0,0,0,0,0,0,0,0,1,0,0,0,0,0,0,0,0,0,0,0,0,0,0,0,0,0,0,0,0,0,0,0,0,0,0,0,1,0,0,0,1,1,0,0,0,0,0
椰奶甜品,Cold Coco Sago A,冷椰奶A,2,4,1025,"Sago,Red Beans,Peanuts,Mini Q,Coconut Soup",1,One Size,https://meetfresh.us/cold-coco-sago-soup-combo-a/,static/Cold-Coco-Sago-A.png,0,0,0,0,0,0,0,0,0,0,0,0,0,0,1,0,0,0,0,0,0,0,0,0,0,0,0,0,0,0,1,0,0,1,0,0,0,0,1,0,0,1,0,0,0,0,0,0,0,0,0,0
椰奶甜品,Hot Coco Sago A,热椰奶A,2,4,830,"Sago,Red Beans,Peanuts,Taro Balls,Coconut Milk",2,One Size,,static/02-Hot-Coco-Sago-A.png,0,0,0,0,0,0,0,0,0,0,0,0,0,1,0,0,0,0,0,0,0,0,0,0,0,0,0,0,0,0,0,0,0,1,0,0,0,0,1,0,0,1,0,0,0,0,1,0,0,0,0,0
椰奶甜品,Cold Coco Sago B,冷椰奶B,2,4,940,"Sago,Taro,Red Beans,Mini Q,Coconut Soup",1,One Size,https://meetfresh.us/cold-coco-sago-soup-combo-b/,static/Cold-Coco-Sago-B-2048x1756.png,0,0,0,0,0,0,0,0,0,0,0,0,0,0,1,0,0,0,0,0,0,0,0,0,0,0,0,0,0,0,1,0,0,0,0,0,0,0,1,0,0,1,0,0,0,1,0,0,0,0,0,0
椰奶甜品,Hot Coco Sago B,热椰奶B,2,4,1085,"Sago,Red Beans,Taro,Taro Balls,Coconut Milk",2,One Size,,static/,0,0,0,0,0,0,0,0,0,0,0,0,0,1,0,0,0,0,0,0,0,0,0,0,0,0,0,0,0,0,0,0,0,0,0,0,0,0,1,0,0,1,0,0,0,1,1,0,0,0,0,0
椰奶甜品,Cold Coco Sago C,冷椰奶C,2,4,995,"Sago,Melon Jelly,Rice Balls,Mini Q,Coconut Soup",1,One Size,https://meetfresh.us/cold-coco-sago-soup-combo-c/,static/Cold-Coco-Sago-C.png,0,0,0,0,0,0,0,0,0,0,0,0,0,0,1,0,0,0,0,0,0,0,0,0,0,0,0,1,0,0,1,0,0,0,0,0,0,0,0,0,1,1,0,0,0,0,0,0,0,0,0,0
椰奶甜品,Hot Coco Sago C,热椰奶C,2,4,1620,"Sago,Rice Balls,Melon Jelly,Taro Balls,Coconut Milk",2,One Size,,static/,0,0,0,0,0,0,0,0,0,0,0,0,0,1,0,0,0,0,0,0,0,0,0,0,0,0,0,1,0,0,0,0,0,0,0,0,0,0,0,0,1,1,0,0,0,0,1,0,0,0,0,0
椰奶甜品,Create Your Own Coco Sago,自由配椰奶,2,4,565,"Coconut Milk,Sago",1," 
 	
One Size",,static/,0,0,0,0,0,0,0,0,0,0,0,0,0,1,0,0,0,0,0,0,0,0,0,0,0,0,0,0,0,0,0,0,0,0,0,0,0,0,0,0,0,1,0,0,0,0,0,0,0,0,0,0
椰奶甜品,Create Your Own Coco Sago,自由配椰奶,2,4,565,"Coconut Milk,Sago",2," 
 	
One Size",,static/,0,0,0,0,0,0,0,0,0,0,0,0,0,1,0,0,0,0,0,0,0,0,0,0,0,0,0,0,0,0,0,0,0,0,0,0,0,0,0,0,0,1,0,0,0,0,0,0,0,0,0,0
